chararts.id,chararts.id.no,chararts.id.name,char.profession,char.name.zh,char.name.pinyin,char.name.py,char.name.en,char.id,char.rarity,char.race,char.skill.1,char.skill.2,char.skill.3
char_002_amiya,002,amiya,术师,阿米娅,amiya,amy,Amiya,R001,5,卡特斯/奇美拉,战术咏唱·γ型,精神爆发,奇美拉
char_003_kalts,003,kalts,医疗,凯尔希,kaierxi,kex,Kal'tsit,B003,6,菲林,指令：结构加固,指令：战术协同,指令：熔毁
char_009_12fce,009,12fce,术师,12F,12F,12F,12F,R303,2,萨弗拉,,,
char_010_chen,010,chen,近卫,陈,chen,c,Ch'en,LM04,6,龙,鞘击,赤霄·拔刀,赤霄·绝影
char_017_huang,017,huang,近卫,煌,huang,h,Blaze,RE41,6,菲林,强力击·γ型,链锯延伸模块,沸腾爆裂
char_101_sora,101,sora,辅助,空,kong,k,Sora,PL05,5,因经纪公司要求不公开,睡眠之歌,战斗之歌,
char_102_texas,102,texas,先锋,德克萨斯,dekesasi,dkss,Texas,PL02,5,鲁珀,冲锋号令·γ型,剑雨,
char_103_angel,103,angel,狙击,能天使,nengtianshi,nts,Exusiai,PL03,6,萨科塔,冲锋模式,扫射模式,过载模式
char_106_franka,106,franka,近卫,芙兰卡,fulanka,flk,Franka,BS01,5,沃尔珀,迅捷打击·γ型,极致锋度,
char_107_liskam,107,liskam,重装,雷蛇,leishe,ls,Liskarm,BS02,5,瓦伊凡,充能防御,反击电弧,
char_108_silent,108,silent,医疗,赫默,hemo,hm,Silence,RL01,5,黎博利,治疗强化·γ型,医疗无人机,
char_109_fmout,109,fmout,术师,远山,yuanshan,ys,Gitano,SI01,4,埃拉菲亚,战术咏唱·β型,命运,
char_110_deepcl,110,deepcl,辅助,深海色,shenhaise,shs,Deepcolor,AA04,4,未公开,光影之触,视觉陷阱,
char_112_siege,112,siege,先锋,推进之王,tuijinzhiwang,tjzw,Siege,GG01,6,阿斯兰,冲锋号令·γ型,跃空锤,碎颅击
char_113_cqbw,113,cqbw,狙击,W,W,W,W,B214,6,萨卡兹,红桃K,惊吓盒子,D12
char_115_headbr,115,headbr,先锋,凛冬,lindong,ld,Зима,USS1,5,乌萨斯,冲锋号令·γ型,乌萨斯战吼,
char_117_myrrh,117,myrrh,医疗,末药,moyao,my,Myrrh,R104,4,沃尔珀,二重治疗,医疗力场,
char_118_yuki,118,yuki,狙击,白雪,baixue,bx,ShiraYuki,LM10,4,阿纳缇,敌飙,凝武,
char_120_hibisc,120,hibisc,医疗,芙蓉,furong,fr,Hibiscus,PA13,3,萨卡兹,治疗强化·α型,,
char_121_lava,121,lava,术师,炎熔,yanrong,yr,Lava,PA15,3,萨卡兹,战术咏唱·α型,,
char_122_beagle,122,beagle,重装,米格鲁,migelu,mgl,Beagle,PA14,3,佩洛,防御力强化·α型,,
char_123_fang,123,fang,先锋,芬,fen,f,Fang,PA11,3,库兰塔,冲锋号令·α型,,
char_124_kroos,124,kroos,狙击,克洛丝,keluosi,kls,Kroos,PA12,3,卡特斯,二连射·自动,,
char_126_shotst,126,shotst,狙击,流星,liuxing,lx,Meteor,ST02,4,库兰塔,碎甲击,碎甲击·扩散,
char_127_estell,127,estell,近卫,艾丝黛尔,aisidaier,asde,Estelle,IU04,4,阿达克利斯,攻击力强化·α型,舍身突击,
char_128_plosis,128,plosis,医疗,白面鸮,baimianxiao,bmx,Ptilopsis,RL04,5,黎博利,治疗强化·γ型,脑啡肽,
char_129_bluep,129,bluep,狙击,蓝毒,landu,ld,Blue Poison,AA03,5,安努拉,二重射击·自动,毒液散射,
char_130_doberm,130,doberm,近卫,杜宾,dubin,db,Dobermann,R100,4,佩洛,强力击·β型,鞭策,
char_131_flameb,131,flameb,近卫,炎客,yanke,yk,Flamebringer,R137,5,萨卡兹,歃血,刃鬼,
char_133_mm,133,mm,狙击,梅,mei,m,May,VC01,4,黎博利,麻痹弹,束缚电击,
char_134_ifrit,134,ifrit,术师,伊芙利特,yifulite,yflt,Ifrit,RL03,6,萨卡兹,狂热,炎爆,灼地
char_135_halo,135,halo,术师,星源,xingyuan,xy,Astgenne,RL08,5,黎博利,双端导流,星束交汇,
char_136_hsguma,136,hsguma,重装,星熊,xingxiong,xx,Hoshiguma,LM05,6,鬼,战意,荆棘,力之锯
char_137_brownb,137,brownb,近卫,猎蜂,liefeng,lf,Beehunter,US10,4,乌萨斯,高机动,急速拳,
char_140_whitew,140,whitew,近卫,拉普兰德,lapulande,lpld,Lappland,SR01,5,鲁珀,日晷,狼魂,
char_141_nights,141,nights,术师,夜烟,yeyan,yy,Haze,VC02,4,菲林,攻击力强化·α型,赤色之瞳,
char_143_ghost,143,ghost,近卫,幽灵鲨,youlingsha,yls,Specter,AA02,5,未公开,攻击力强化·γ型,肉斩骨断,
char_144_red,144,red,特种,红,hong,h,Projekt Red,SW01,5,鲁珀,处决模式,狼群,
char_145_prove,145,prove,狙击,普罗旺斯,puluowangsi,plws,Provence,SR03,5,鲁珀,狼眼,杀戮嗅觉,
char_147_shining,147,shining,医疗,闪灵,shanling,sl,Shining,FO01,6,萨卡兹,信条,自动掩护,教条力场
char_148_nearl,148,nearl,重装,临光,linguang,lg,Nearl,FO02,5,库兰塔,急救,急救模式,
char_149_scave,149,scave,先锋,清道夫,qingdaofu,qdf,Scavenger,SW02,4,札拉克,冲锋号令·β型,冲锋号令·攻击,
char_150_snakek,150,snakek,重装,蛇屠箱,shetuxiang,stx,Cuora,IU05,4,匹特拉姆,防御力强化·β型,壳状防御,
char_151_myrtle,151,myrtle,先锋,桃金娘,taojinniang,tjn,Myrtle,R108,4,杜林,支援号令·β型,治愈之翼,
char_154_morgan,154,morgan,近卫,摩根,mogen,mg,Morgan,GG02,5,菲林,街头好手,无畏招架,
char_155_tiger,155,tiger,近卫,因陀罗,yintuoluo,ytl,Indra,GG03,5,菲林,碎甲拳,裂魂,
char_157_dagda,157,dagda,近卫,达格达,dageda,dgd,Dagda,GG04,5,菲林,反制技巧,精准捕杀,
char_158_milu,158,milu,狙击,守林人,shoulinren,slr,Firewatch,ST01,5,埃拉菲亚,环境伪装,战术电台,
char_159_peacok,159,peacok,近卫,断罪者,duanzuizhe,dzz,Conviction,MN01,4,未知（疑似黎博利）,断罪,创世纪,
char_163_hpsts,163,hpsts,重装,火神,huoshen,hs,Vulcan,MN02,5,丰蹄,坚守模式,武力模式,
char_164_nightm,164,nightm,术师,夜魔,yemo,ym,Nightmare,VC03,5,菲林,灵魂汲取,夜魇魔影,
char_166_skfire,166,skfire,术师,天火,tianhuo,th,Skyfire,SK01,5,菲林,攻击力强化·γ型,天坠之火,
char_171_bldsk,171,bldsk,医疗,华法琳,huafalin,hfl,Warfarin,R106,5,萨卡兹,紧急包扎,不稳定血浆,
char_172_svrash,172,svrash,近卫,银灰,yinhui,yh,SilverAsh,JC01,6,菲林,强力击·γ型,雪境生存法则,真银斩
char_173_slchan,173,slchan,特种,崖心,yaxin,yx,Cliffheart,JC06,5,菲林,锁链勾爪,束缚链,
char_174_slbell,174,slbell,辅助,初雪,chuxue,cx,Pramanix,JC05,5,菲林,传音回响,自然震慑,
char_179_cgbird,179,cgbird,医疗,夜莺,yeying,yy,Nightingale,FO03,6,萨卡兹,治疗强化·γ型,法术护盾,圣域
char_180_amgoat,180,amgoat,术师,艾雅法拉,aiyafala,ayfl,Eyjafjalla,LN02,6,卡普里尼,二重咏唱,点燃,火山
char_181_flower,181,flower,医疗,调香师,tiaoxiangshi,txs,Perfumer,MN03,4,沃尔珀,治疗强化·β型,精调,
char_183_skgoat,183,skgoat,辅助,地灵,diling,dl,Earthspirit,LN01,4,卡普里尼,攻击力强化·β型,流沙化,
char_185_frncat,185,frncat,近卫,慕斯,musi,ms,Mousse,VC04,4,菲林,挠伤,炸毛,
char_187_ccheal,187,ccheal,医疗,嘉维尔,jiaweier,jwe,Gavial,IU07,4,阿达克利斯,活力再生,活力再生·广域,
char_188_helage,188,helage,近卫,赫拉格,helage,hlg,Hellagur,AZ01,6,黎博利,新月,弦月,满月
char_190_clour,190,clour,狙击,红云,hongyun,hy,Vermeil,R122,4,沃尔珀,攻击力强化·β型,双弦开弓,
char_192_falco,192,falco,先锋,翎羽,lingyu,ly,Plume,LT05,3,黎博利,迅捷打击·α型,,
char_193_frostl,193,frostl,近卫,霜叶,shuangye,sy,Frostleaf,R123,4,沃尔珀,寒霜枪刃,凝冰枪刃,
char_194_leto,194,leto,近卫,烈夏,liexia,lx,Лето,USS5,5,乌萨斯,迅捷打击·γ型,一呼百应,
char_195_glassb,195,glassb,辅助,真理,zhenli,zl,Истина,USS2,5,乌萨斯,专心致志,文学风暴,
char_196_sunbr,196,sunbr,重装,古米,gumi,gm,Гум,USS3,4,乌萨斯,备用军粮,食粮烹制,
char_197_poca,197,poca,狙击,早露,zaolu,zl,Роса,USS4,6,乌萨斯,攻击力强化·γ型,分裂射击,雪崩击
char_198_blackd,198,blackd,先锋,讯使,xunshi,xs,Courier,JC04,4,依特拉,冲锋号令·β型,冲锋号令·防御,
char_199_yak,199,yak,重装,角峰,jiaofeng,jf,Matterhorn,JC03,4,丰蹄,体能强化,抗寒体质,
char_201_moeshd,201,moeshd,重装,可颂,kesong,ks,Croissant,PL04,5,丰蹄,自动防御,磁爆锤,
char_202_demkni,202,demkni,重装,塞雷娅,saileiya,sly,Saria,RL02,6,瓦伊凡,急救,药物配置,钙质化
char_204_platnm,204,platnm,狙击,白金,baijin,bj,Platinum,KZ03,5,库兰塔,攻击力强化·γ型,天马视域,
char_206_gnosis,206,gnosis,辅助,灵知,lingzhi,lz,Gnosis,JC02,6,黎博利,高速思考,零度爆发,失温症
char_208_melan,208,melan,近卫,玫兰莎,meilansha,mls,Melantha,PA41,3,菲林,攻击力强化·α型,,
char_209_ardign,209,ardign,重装,卡缇,kati,kt,Cardigan,PA45,3,佩洛,生命回复·α型,,
char_210_stward,210,stward,术师,史都华德,shiduhuade,sdhd,Steward,PA42,3,沃尔珀,强力击·α型,,
char_211_adnach,211,adnach,狙击,安德切尔,andeqieer,adqe,Adnachiel,PA44,3,萨科塔,攻击力强化·α型,,
char_212_ansel,212,ansel,医疗,安赛尔,ansaier,ase,Ansel,PA43,3,卡特斯,治疗范围强化,,
char_213_mostma,213,mostma,术师,莫斯提马,mositima,mstm,Mostima,LT77,6,未公开,攻击力强化·γ型,荒时之锁,序时之匙
char_214_kafka,214,kafka,特种,卡夫卡,kafuka,kfk,Kafka,CB06,5,黎博利,怪异魔方,诡异剪刀,
char_215_mantic,215,mantic,特种,狮蝎,shixie,sx,Manticore,SG01,5,曼提柯,蝎毒,蓄力毒尾击,
char_218_cuttle,218,cuttle,狙击,安哲拉,anzhela,azl,Andreana,II04,5,阿戈尔,攻击力强化·γ型,阻滞射击战术,
char_219_meteo,219,meteo,狙击,陨星,yunxing,yx,Meteorite,ST03,5,萨卡兹,霰射弹头,高爆弹头,
char_220_grani,220,grani,先锋,格拉尼,gelani,gln,Grani,VC05,5,库兰塔,防御力强化·γ型,永不后退！,
char_222_bpipe,222,bpipe,先锋,风笛,fengdi,fd,Bagpipe,RV02,6,瓦伊凡,迅捷打击·γ型,高效冲击,闭膛连发
char_225_haak,225,haak,特种,阿,a,a,Aak,LM20,6,菲林,快速射击,爆发剂·γ型,爆发剂·榴莲味
char_226_hmau,226,hmau,重装,吽,hong,h,Hung,LM19,5,佩洛,反制治疗,反制医疗模式,
char_230_savage,230,savage,近卫,暴行,baoxing,bx,Savage,RB01,5,卡特斯,强力击·β型,微差爆破,
char_235_jesica,235,jesica,狙击,杰西卡,jiexika,jxk,Jessica,BS03,4,菲林,强力击·β型,掩护烟幕,
char_236_rope,236,rope,特种,暗索,ansuo,as,Rope,RB02,4,卡特斯,勾爪发射,复式勾爪,
char_237_gravel,237,gravel,特种,砾,li,l,Gravel,KZ04,4,札拉克,影袭,鼠群,
char_240_wyvern,240,wyvern,先锋,香草,xiangcao,xc,Vanilla,BS04,3,瓦伊凡,冲锋号令·援军,,
char_241_panda,241,panda,特种,食铁兽,shitieshou,sts,FEater,YD01,5,乌萨斯,铁意六合,崩拳式,
char_242_otter,242,otter,辅助,梅尔,meier,me,Mayer,RL05,5,阿纳缇,迷惑装置,爆破回收,
char_243_waaifu,243,waaifu,特种,槐琥,huaihu,hh,Waai Fu,LM12,5,菲林,寸劲,七武掠阵踢,
char_245_cello,245,cello,辅助,塑心,suxin,sx,Virtuosa,LT22,6,萨科塔,“黄金的狂喜”,“安魂的弥撒”,“自由的探戈”
char_248_mgllan,248,mgllan,辅助,麦哲伦,maizhelun,mzl,Magallan,RL06,6,黎博利,高效制冷模块,激光开采模块,武装打击模块
char_249_mlyss,249,mlyss,先锋,缪尔赛思,mouersaisi,mess,Muelsyse,RL09,6,精灵,渐进性润化,生态耦合,浅层非熵适应
char_250_phatom,250,phatom,特种,傀影,kuiying,ky,Phantom,R109,6,菲林,暗夜魅影,血色乐章,夜幕突袭
char_252_bibeak,252,bibeak,近卫,柏喙,baihui,bh,Bibeak,R138,5,黎博利,飞针剑羽,异刃斩,
char_253_greyy,253,greyy,术师,格雷伊,geleiyi,gly,Greyy,R119,4,佩洛,战术咏唱·α型,静电释放,
char_254_vodfox,254,vodfox,辅助,巫恋,wulian,wl,Shamare,R148,5,沃尔珀,病入膏肓,诅咒娃娃,
char_258_podego,258,podego,辅助,波登可,bodengke,bdk,Podenco,R157,4,佩洛,花香疗法,孢子扩散,
char_260_durnar,260,durnar,重装,坚雷,jianlei,jl,Dur-nar,R124,4,沃尔珀,攻击力强化·β型,起盾回击,
char_261_sddrag,261,sddrag,先锋,苇草,weicao,wc,Reed,HT03,5,德拉克,迅捷打击·γ型,生灵火花,
char_263_skadi,263,skadi,近卫,斯卡蒂,sikadi,skd,Skadi,AA01,6,未公开,迅捷打击·γ型,跃浪击,涌潮悲歌
char_264_f12yin,264,f12yin,近卫,山,shan,s,Mountain,CB05,6,菲林,左勾扫拳,横扫架势,震地碎岩击
char_265_sophia,265,sophia,近卫,鞭刃,bianren,br,Whislash,KZ07,5,库兰塔,激励艺术,鞭刃,
char_271_spikes,271,spikes,近卫,芳汀,fangting,ft,Arene,LT06,4,萨科塔,小玩笑,致命恶作剧,
char_272_strong,272,strong,特种,孑,jie,j,Jaye,LM14,4,乌萨斯,断螯,刺身拼盘,
char_274_astesi,274,astesi,近卫,星极,xingji,xj,Astesia,RR01,5,黎博利,星座守护,星辉剑,
char_275_breeze,275,breeze,医疗,微风,weifeng,wf,Breeze,R132,5,沃尔珀,集束疗法,扩散疗法,
char_277_sqrrel,277,sqrrel,特种,阿消,axiao,ax,Shaw,LM11,4,札拉克,水蒸气泵,高压水炮,
char_278_orchid,278,orchid,辅助,梓兰,zilan,zl,Orchid,PA61,3,黎博利,迅捷打击·α型,,
char_279_excu,279,excu,狙击,送葬人,songzangren,szr,Executor,LT01,5,萨科塔,铳口收束,最终旅程,
char_281_popka,281,popka,近卫,泡普卡,paopuka,ppk,Popukar,PA65,3,卡特斯,攻击力强化·α型,,
char_282_catap,282,catap,狙击,空爆,kongbao,kb,Catapult,PA63,3,库兰塔,爆破范围提升·α型,,
char_283_midn,283,midn,近卫,月见夜,yuexianye,yxy,Midnight,PA62,3,萨卡兹,武器附魔·α型,,
char_284_spot,284,spot,重装,斑点,bandian,bd,Spot,PA64,3,瑞柏巴,次级治疗模式,,
char_285_medic2,285,medic2,医疗,Lancet-2,Lancet-2,Lancet-2,Lancet-2,RCX2,1,,,,
char_286_cast3,286,cast3,近卫,Castle-3,Castle-3,Castle-3,Castle-3,RCX3,1,,,,
char_289_gyuki,289,gyuki,近卫,缠丸,chanwan,cw,Matoimaru,HK01,4,鬼,生命回复·β型,恶鬼之力,
char_290_vigna,290,vigna,先锋,红豆,hongdou,hd,Vigna,R105,4,萨卡兹,攻击力强化·β型,槌音,
char_291_aglina,291,aglina,辅助,安洁莉娜,anjielina,ajln,Angelina,SR02,6,沃尔珀,秘杖·速充模式,秘杖·微粒模式,秘杖·反重力模式
char_293_thorns,293,thorns,近卫,棘刺,jici,jc,Thorns,II01,6,阿戈尔,攻击力强化·γ型,护身尖刺,至高之术
char_294_ayer,294,ayer,近卫,断崖,duanya,dy,Ayerscarpe,RB04,5,卡特斯,多导向散射弹丸,浮游刃启动,
char_297_hamoni,297,hamoni,术师,和弦,hexian,hx,Harmonie,DB03,5,菲林,轻巧舞步,沉溺之灾,
char_298_susuro,298,susuro,医疗,苏苏洛,susuluo,ssl,Sussurro,R107,4,沃尔珀,治疗强化·β型,深度治疗,
char_300_phenxi,300,phenxi,狙击,菲亚梅塔,feiyameita,fymt,Fiammetta,LT11,6,黎博利,“你须直面”,“你须愧悔”,“你须偿还”
char_301_cutter,301,cutter,近卫,刻刀,kedao,kd,Cutter,R144,4,沃尔珀,红移,绯红刺刀,
char_302_glaze,302,glaze,狙击,安比尔,anbier,abe,Ambriel,LT02,4,萨科塔,阻挡弹,雷达定位,
char_304_zebra,304,zebra,重装,暴雨,baoyu,by,Heavyrain,R164,5,库兰塔,应急迷彩,群体迷彩,
char_306_leizi,306,leizi,术师,惊蛰,jingzhe,jz,Leizi,YD05,5,麒麟,攻击力强化·γ型,初雷,
char_308_swire,308,swire,近卫,诗怀雅,shihuaiya,shy,Swire,LM08,5,菲林,指挥调度,协同作战,
char_311_mudrok,311,mudrok,重装,泥岩,niyan,ny,Mudrock,R159,6,萨卡兹,防御力强化·γ型,岩崩锤,秽壤的血脉
char_322_lmlee,322,lmlee,特种,老鲤,laoli,ll,Lee,LM18,6,龙,小惩大诫,驱凶辟邪,贵客盈门
char_325_bison,325,bison,重装,拜松,baisong,bs,Bison,LM15,5,丰蹄,防御力强化·γ型,深化阵线,
char_326_glacus,326,glacus,辅助,格劳克斯,gelaokesi,glks,Glaucus,R128,5,未公开,双线装填,反制电磁脉冲,
char_328_cammou,328,cammou,术师,卡达,kada,kd,Click,R140,4,札拉克,攻击力强化·β型,同步索敌攻击,
char_332_archet,332,archet,狙击,空弦,kongxian,kx,Archetto,LT08,6,黎博利,箭矢·散逸,箭矢·追猎,箭矢·暴风
char_333_sidero,333,sidero,近卫,铸铁,zhutie,zt,Sideroca,R126,5,丰蹄,生命回复·γ型,破浪回神,
char_336_folivo,336,folivo,辅助,稀音,xiyin,xy,Scene,R162,5,皮洛萨,保护色隐蔽,全景过载摄像,
char_337_utage,337,utage,近卫,宴,yan,y,Utage,HK03,4,不明,分神,落地斩·破门,
char_338_iris,338,iris,术师,爱丽丝,ailisi,als,Iris,VC12,5,菲林,童话守卫者,梦乡摇篮,
char_340_shwaz,340,shwaz,狙击,黑,hei,h,Schwarz,SS02,6,菲林,强弩,暮眼锐瞳,战术的终结
char_341_sntlla,341,sntlla,术师,寒檀,hantan,ht,Santalla,SI02,5,菲林,迅捷打击·γ型,“女巫之泪”,
char_343_tknogi,343,tknogi,辅助,月禾,yuehe,yh,Tsukinogi,R129,5,埃拉菲亚,迹无,森廻,
char_344_beewax,344,beewax,术师,蜜蜡,mila,ml,Beeswax,R147,5,卡普里尼,沙暴扩散,守卫尖碑,
char_345_folnic,345,folnic,医疗,亚叶,yaye,yy,Folinic,R133,5,菲林,最大剂量输注,复合型药物弹片,
char_346_aosta,346,aosta,狙击,奥斯塔,aosita,ast,Aosta,SR28,5,鲁珀,迅捷打击·γ型,影钉,
char_347_jaksel,347,jaksel,近卫,杰克,jieke,jk,Jackie,R166,4,佩洛,给你一拳！,全神贯注！,
char_348_ceylon,348,ceylon,医疗,锡兰,xilan,xl,Ceylon,SS01,5,黎博利,集中式水疗,水灵庇护,
char_349_chiave,349,chiave,先锋,贾维,jiawei,jw,Chiave,SR26,5,沃尔珀,冲锋号令·γ型,火焰剥离,
char_350_surtr,350,surtr,近卫,史尔特尔,shierteer,sete,Surtr,R111,6,萨卡兹,烈焰魔剑,熔核巨影,黄昏
char_355_ethan,355,ethan,特种,伊桑,yisang,ys,Ethan,R130,4,萨弗拉,花式回旋,十字悬挂,
char_356_broca,356,broca,近卫,布洛卡,buluoka,blk,Broca,SR27,5,菲林,通电,高压电流,
char_358_lisa,358,lisa,辅助,铃兰,linglan,ll,Suzuran,R172,6,沃尔珀,全力以赴,儿时的舞乐,狐火渺然
char_362_saga,362,saga,先锋,嵯峨,cuoe,ce,Saga,HK13,6,佩洛,冲锋号令·γ型,除恶,怒目
char_363_toddi,363,toddi,狙击,熔泉,rongquan,rq,Toddifons,VC11,5,瓦伊凡,信号矢,便携破城矢,
char_365_aprl,365,aprl,狙击,四月,siyue,sy,April,RB07,5,卡特斯,精准射击,灵活伪装,
char_366_acdrop,366,acdrop,狙击,酸糖,suantang,st,Aciddrop,R139,4,黎博利,花式点射,扳机时刻,
char_367_swllow,367,swllow,狙击,灰喉,huihou,hh,GreyThroat,R110,5,黎博利,飞羽,回流,
char_369_bena,369,bena,特种,贝娜,beina,bn,Bena,VC14,5,卡普里尼,奋力修剪,快速修剪,
char_373_lionhd,373,lionhd,术师,莱恩哈特,laienhate,leht,Leonhardt,RB03,5,卡特斯,攻击力强化·γ型,解构与爆破,
char_376_therex,376,therex,特种,THRM-EX,THRM-EX,THRM-EX,Thermal-EX,RCX4,1,,,,
char_377_gdglow,377,gdglow,术师,澄闪,chengshan,cs,Goldenglow,VC09,6,菲林,火花四溅,电流翻涌,澄净闪耀
char_378_asbest,378,asbest,重装,石棉,shimian,sm,Asbestos,RB05,5,萨弗拉,固守模式,火电模式,
char_379_sesa,379,sesa,狙击,慑砂,shesha,ss,Sesa,R158,5,瓦伊凡,攻击力强化·γ型,延时震荡零件,
char_381_bubble,381,bubble,重装,泡泡,paopao,pp,Bubble,R146,4,塞拉托,防御力强化·β型,“挨打”,
char_383_snsant,383,snsant,特种,雪雉,xuezhi,xz,Snowsant,LM16,5,黎博利,倒刺钩爪,伸缩式电捕网,
char_385_finlpp,385,finlpp,医疗,清流,qingliu,ql,Purestream,R160,4,阿戈尔,治愈水波,涌泉,
char_388_mint,388,mint,术师,薄绿,bolu,bl,Mint,VC08,5,菲林,风语,聚能涡旋,
char_391_rosmon,391,rosmon,狙击,迷迭香,midiexiang,mdx,Rosmontis,RE45,6,菲林,思维膨大,末梢阻断,“如你所愿”
char_400_weedy,400,weedy,特种,温蒂,wendi,wd,Weedy,R117,6,阿戈尔,炮管敲击,水炮模式,液氮大炮
char_401_elysm,401,elysm,先锋,极境,jijing,jj,Elysium,R131,5,黎博利,支援号令·γ型,聆听,
char_402_tuye,402,tuye,医疗,图耶,tuye,ty,Tuye,SG08,5,丰蹄,水流环,强心剂,
char_405_absin,405,absin,术师,苦艾,kuai,ka,Absinthe,US11,5,乌萨斯,执法模式,终结连射,
char_411_tomimi,411,tomimi,术师,特米米,temimi,tmm,Tomimi,SG05,5,阿达克利斯,部族技艺,嘉维尔保护方案,
char_415_flint,415,flint,近卫,燧石,suishi,ss,Flint,SG06,5,黎博利,不息,锋芒毕露,
char_416_zumama,416,zumama,重装,森蚺,senran,sr,Eunectes,SG03,6,斐迪亚,轻型挂斧,震慑劈砍,钢铁意志
char_420_flamtl,420,flamtl,先锋,焰尾,yanwei,yw,Flametail,KZ11,6,札拉克,迅敏直觉,“红松林”,焰心
char_421_crow,421,crow,近卫,羽毛笔,yumaobi,ymb,La Pluma,BV13,5,黎博利,高速切割,收割,
char_422_aurora,422,aurora,重装,极光,jiguang,jg,Aurora,JC09,5,乌萨斯,固守家园,人工降雪,
char_423_blemsh,423,blemsh,重装,瑕光,xiaguang,xg,Blemishine,KZ09,6,库兰塔,光芒涌动,慑敌辉光,先贤化身
char_426_billro,426,billro,术师,卡涅利安,kanielian,knla,Carnelian,LN04,6,卡普里尼,沙暴守卫,沙缚镣锁,食噬之印
char_427_vigil,427,vigil,先锋,伺夜,siye,sy,Vigil,SR36,6,鲁珀,领袖的呼唤,领袖的馈赠,领袖的尊严
char_430_fartth,430,fartth,狙击,远牙,yuanya,yy,Fartooth,KZ13,6,黎博利,迅捷打击·γ型,同盟支援,光羽箭
char_431_ashlok,431,ashlok,重装,灰毫,huihao,hh,Ashlock,KZ12,5,札拉克,攻击力强化·γ型,专注轰击,
char_433_windft,433,windft,辅助,掠风,lvefeng,lf,Windflit,CB19,5,佩洛,此身为筑,此身为源,
char_436_whispr,436,whispr,医疗,絮雨,xuyu,xy,Whisperain,R163,5,阿戈尔,定向诊断,痛觉抑制,
char_437_mizuki,437,mizuki,特种,水月,shuiyue,sy,Mizuki,HK07,6,阿戈尔,唤醒,囚徒困境,镜花水月
char_440_pinecn,440,pinecn,狙击,松果,songguo,sg,Pinecone,CB09,4,黎博利,RMA长钉,电能过载,
char_445_wscoot,445,wscoot,近卫,骋风,chengfeng,cf,Windscoot,YD22,4,菲林,以攻为守,招无虚发,
char_446_aroma,446,aroma,术师,阿罗玛,aluoma,alm,Aroma,SR39,5,鲁珀,强效清洁,小心地滑,
char_449_glider,449,glider,医疗,蜜莓,mimei,mm,Honeyberry,RB06,5,札拉克,精神护理,振奋,
char_450_necras,450,necras,术师,死芒,simang,sm,Necrass,DB01,6,德拉克,噩愿,折朽,冠死以冕
char_451_robin,451,robin,特种,罗宾,luobin,lb,Robin,CB08,5,阿纳缇,束缚“夹子”,弹射“夹子”,
char_452_bstalk,452,bstalk,先锋,豆苗,doumiao,dm,Beanstalk,CB16,4,瑞柏巴,定点指令,“大家一起上”,
char_455_nothin,455,nothin,特种,乌有,wuyou,wy,Mr.Nothing,YD11,5,黎博利,知难而退,阴晴圆缺,
char_456_ash,456,ash,狙击,灰烬,huijin,hj,Ash,RS01,6,未知,支援射击,突击战术,攻坚榴弹
char_457_blitz,457,blitz,重装,闪击,shanji,sj,Blitz,RS02,5,未知,闪光护盾,突破防线,
char_458_rfrost,458,rfrost,特种,霜华,shuanghua,sh,Frost,RS03,5,未知,陷阱部署,击倒猎物,
char_459_tachak,459,tachak,近卫,战车,zhanche,zc,Tachanka,RS04,5,未知,燃烧榴弹,倾泻弹药,
char_464_cement,464,cement,重装,洋灰,yanghui,yh,Cement,RB11,5,札拉克,突破矿层,结构加固,
char_466_qanik,466,qanik,术师,雪绒,xuerong,xr,Qanipalaat,SI03,5,沃尔珀,冻风,坠雪,
char_469_indigo,469,indigo,术师,深靛,shendian,sd,Indigo,II05,4,斐迪亚,灯塔守卫者,光影迷宫,
char_472_pasngr,472,pasngr,术师,异客,yike,yk,Passenger,SG07,6,黎博利,电能之触,聚焦指令,辉煌裂片
char_473_mberry,473,mberry,医疗,桑葚,sangshen,ss,Mulberry,YD03,5,黎博利,治愈云雾,安全区域,
char_474_glady,474,glady,特种,歌蕾蒂娅,geleidiya,gldy,Gladiia,AA05,6,未公开,缺水的大洋裂断,缺水的掌握怒海,缺水的碎漩狂舞
char_475_akafyu,475,akafyu,近卫,赤冬,chidong,cd,Akafuyu,HK04,5,阿戈尔,信影流·雷刀之势,信影流·十文字胜,
char_476_blkngt,476,blkngt,先锋,夜半,yeban,yb,Blacknight,RB12,5,萨弗拉,半醒,安眠,
char_478_kirara,478,kirara,特种,绮良,qiliang,ql,Kirara,HK05,5,阿戈尔,锚击,锚点捕捉,
char_479_sleach,479,sleach,先锋,琴柳,qinliu,ql,Saileach,VC10,6,瓦伊凡,支援号令·γ型,信仰传承,光辉旗帜
char_484_robrta,484,robrta,辅助,罗比菈塔,luobilata,lblt,Roberta,CB11,4,阿纳缇,叙拉古式上妆,全自动造型仪,
char_485_pallas,485,pallas,近卫,帕拉斯,palasi,pls,Pallas,MN04,6,丰蹄,胜利的连击,信念的长鞭,英勇的祝福
char_486_takila,486,takila,近卫,龙舌兰,longshelan,lsl,Tequila,BV12,5,佩洛,当机立断,剑走偏锋,
char_487_bobb,487,bobb,辅助,波卜,bobo,bb,Bobbing,CB32,5,佩洛,非和平劝说,“此路不通”,
char_488_buildr,488,buildr,先锋,青枳,qingzhi,qz,Poncirus,SS04,5,黎博利,冲锋号令·γ型,工程者之愿,
char_489_serum,489,serum,术师,蚀清,shiqing,sq,Corroserum,CB12,5,斐迪亚,专注力超载,传导蚀滞弹,
char_491_humus,491,humus,近卫,休谟斯,xiumosi,xms,Humus,R171,4,丰蹄,固废切割,高效处理,
char_492_quercu,492,quercu,辅助,夏栎,xiali,xl,Quercus,R121,5,菲林,大地的慈悲,生灵的回响,
char_493_firwhl,493,firwhl,重装,火哨,huoshao,hs,Firewhistle,RB09,5,黎博利,野火,焦土,
char_494_vendla,494,vendla,医疗,刺玫,cimei,cm,Vendela,VC24,5,菲林,战术咏唱·γ型,荆藤庇荫,
char_496_wildmn,496,wildmn,先锋,野鬃,yezong,yz,Wild Mane,KZ14,5,库兰塔,骑枪刺击,夹枪冲锋,
char_497_ctable,497,ctable,先锋,晓歌,xiaoge,xg,Cantabile,R143,5,黎博利,观火,浮光,
char_498_inside,498,inside,狙击,隐现,yinxian,yx,Insider,LT13,5,萨科塔,“不惹麻烦”,“解决麻烦”,
char_499_kaitou,499,kaitou,术师,折光,zheguang,zg,Diamante,LN21,5,卡普里尼,镭射穿凿,热处理变色,
char_500_noirc,500,noirc,重装,黑角,heijiao,hj,Noir Corne,A43,2,鬼,,,
char_501_durin,501,durin,术师,杜林,dulin,dl,Durin,A44,2,杜林,,,
char_502_nblade,502,nblade,先锋,夜刀,yedao,yd,Yato,A41,2,鬼,,,
char_503_rang,503,rang,狙击,巡林者,xunlinzhe,xlz,Rangers,A42,2,萨弗拉,,,
char_504_rguard,504,rguard,,预备干员-近战,yubeiganyuan-jinzhan,ybgy-jz,Reserve Operator - Melee,,,,,,
char_505_rcast,505,rcast,,预备干员-术师,yubeiganyuan-zhushi,ybgy-zs,Reserve Operator - Caster,,,,,,
char_506_rmedic,506,rmedic,,预备干员-后勤,yubeiganyuan-houqin,ybgy-hq,Reserve Operator - Logistics,,,,,,
char_507_rsnipe,507,rsnipe,,预备干员-狙击,yubeiganyuan-juji,ybgy-jj,Reserve Operator - Sniper,,,,,,
char_508_aguard,508,aguard,,Sharp,Sharp,Sharp,Sharp,,,,亮剑,,
char_509_acast,509,acast,,Pith,Pith,Pith,Pith,,,,“为我所为”,,
char_510_amedic,510,amedic,,Touch,Touch,Touch,Touch,,,,宛如天启,,
char_511_asnipe,511,asnipe,,Stormeye,Stormeye,Stormeye,Stormeye,,,,旋臂,,
char_512_aprot,512,aprot,,暮落(集成战略),,,,,,,速战速决,,
char_513_apionr,513,apionr,,郁金香,yujinxiang,yjx,Tulip,,,,只余芬芳,,
char_514_rdfend,514,rdfend,,预备干员-重装,yubeiganyuan-zhongzhuang,ybgy-zz,Reserve Operator - Defender,,,,,,
char_600_cpione,600,cpione,,预备干员-先锋(卫戍协议),yubeiganyuan-xianfeng(weishuxieyi),ybgy-xf(wsxy),Reserve Operator - Vanguard(AC),,,,,,
char_601_cguard,601,cguard,,预备干员-近卫(卫戍协议),yubeiganyuan-jinwei(weishuxieyi),ybgy-jw(wsxy),Reserve Operator - Guard(AC),,,,,,
char_602_cdfend,602,cdfend,,预备干员-重装(卫戍协议),yubeiganyuan-zhongzhuang(weishuxieyi),ybgy-zz(wsxy),Reserve Operator - Defender(AC),,,,,,
char_603_csnipe,603,csnipe,,预备干员-狙击(卫戍协议),yubeiganyuan-juji(weishuxieyi),ybgy-jj(wsxy),Reserve Operator - Sniper(AC),,,,,,
char_604_ccast,604,ccast,,预备干员-术师(卫戍协议),yubeiganyuan-zhushi(weishuxieyi),ybgy-zs(wsxy),Reserve Operator - Caster(AC),,,,,,
char_605_cmedic,605,cmedic,,预备干员-医疗(卫戍协议),yubeiganyuan-yiliao(weishuxieyi),ybgy-yl(wsxy),Reserve Operator - Medic(AC),,,,,,
char_606_csuppo,606,csuppo,,预备干员-辅助(卫戍协议),yubeiganyuan-fuzhu(weishuxieyi),ybgy-fz(wsxy),Reserve Operator - Supporter(AC),,,,,,
char_607_cspec,607,cspec,,预备干员-特种(卫戍协议),yubeiganyuan-tezhong(weishuxieyi),ybgy-tz(wsxy),Reserve Operator - Specialist(AC),,,,,,
char_608_acpion,608,acpion,,郁金香(卫戍协议),yujinxiang(weishuxieyi),yjx(wsxy),Tulip(AC),,,,钻心,迅瞬,只余芬芳
char_609_acguad,609,acguad,,Sharp(卫戍协议),Sharp(weishuxieyi),Sharp(wsxy),Sharp(AC),,,,快刀,亮剑,力战不竭
char_610_acfend,610,acfend,,Mechanist(卫戍协议),Mechanist(weishuxieyi),Mechanist(wsxy),Mechanist(AC),,,,结构稳定,不变性原理,应力倒置
char_611_acnipe,611,acnipe,,Stormeye(卫戍协议),Stormeye(weishuxieyi),Stormeye(wsxy),Stormeye(AC),,,,破空,心手合一,旋臂
char_612_accast,612,accast,,Pith(卫戍协议),Pith(weishuxieyi),Pith(wsxy),Pith(AC),,,,“书我所书”,“为我所为”,“驭我所驭”
char_613_acmedc,613,acmedc,,Touch(卫戍协议),Touch(weishuxieyi),Touch(wsxy),Touch(AC),,,,慨赠,宛如天启,恳切福音
char_614_acsupo,614,acsupo,,Raidian(卫戍协议),Raidian(weishuxieyi),Raidian(wsxy),Raidian(AC),,,,双声,三形,信号跃动
char_615_acspec,615,acspec,,Misery(卫戍协议),Misery(weishuxieyi),Misery(wsxy),Misery(AC),,,,物理的服从,战争的恭顺,空间的归依
char_1001_amiya2,1001,amiya2,近卫,阿米娅(近卫),amiya(jinwei),amy(jw),Amiya,R001,5,卡特斯/奇美拉,影霄·奔夜,影霄·绝影,
char_1011_lava2,1011,lava2,术师,炎狱炎熔,yanyuyanrong,yyyr,Lava the Purgatory,RF01,5,萨卡兹,焰淬匕首,狱火之环,
char_1012_skadi2,1012,skadi2,辅助,浊心斯卡蒂,zhuoxinsikadi,zxskd,Skadi the Corrupting Heart,CR01,6,未公开,同归殊途之吟,同葬无光之愿,"""潮涌，潮枯"""
char_1013_chen2,1013,chen2,狙击,假日威龙陈,jiariweilongchen,jrwlc,Ch'en the Holungday,R112,6,龙,高压冲击,“堇青之夜”,“假日风暴”
char_1014_nearl2,1014,nearl2,近卫,耀骑士临光,yaoqishilinguang,yqslg,Nearl the Radiant Knight,KZ01,6,库兰塔,灿焰长刃,逐夜烁光,耀阳颔首
char_1016_agoat2,1016,agoat2,医疗,纯烬艾雅法拉,chunjinaiyafala,cjayfl,Eyjafjalla the Hvít Aska,LN10,6,卡普里尼,无声润物,云霭荫佑,火山回响
char_1019_siege2,1019,siege2,近卫,维娜·维多利亚,weina·weiduoliya,wn·wdly,Vina Victoria,VC00,6,阿斯兰,重铸晖光,进赴故土,俱以我之名
char_1020_reed2,1020,reed2,医疗,焰影苇草,yanyingweicao,yywc,Reed The Flame Shadow,DB02,6,德拉克,迅捷打击·γ型,枯荣共息,生命火种
char_1021_kroos2,1021,kroos2,狙击,寒芒克洛丝,hanmangkeluosi,hmkls,Kroos the Keen Glint,RF02,5,卡特斯,无痕,封喉,
char_1023_ghost2,1023,ghost2,特种,归溟幽灵鲨,guimingyoulingsha,gmyls,Specter the Unchained,CR02,6,阿戈尔,生存的技巧,生存的渴望,生存的重压
char_1024_hbisc2,1024,hbisc2,医疗,濯尘芙蓉,zhuochenfurong,zcfr,Hibiscus the Purifier,RF03,5,萨卡兹,攻击力强化·γ型,抚业之触,
char_1026_gvial2,1026,gvial2,近卫,百炼嘉维尔,bailianjiaweier,bljwe,Gavial the Invincible,RF22,6,阿达克利斯,精准痛击,链锯强袭,丛林之魂
char_1027_greyy2,1027,greyy2,狙击,承曦格雷伊,chengxigeleiyi,cxgly,Greyy the Lightningbearer,RF23,5,佩洛,迅捷打击·γ型,晨曦信标,
char_1028_texas2,1028,texas2,特种,缄默德克萨斯,jianmodekesasi,jmdkss,Texas the Omertosa,PL07,6,鲁珀,细雨无声,阵雨连绵,剑雨滂沱
char_1029_yato2,1029,yato2,特种,麒麟R夜刀,qilinRyedao,qlRyd,Kirin R Yato,MH02,6,鬼,鬼人化,乱舞,空中回旋乱舞
char_1030_noirc2,1030,noirc2,近卫,火龙S黑角,huolongSheijiao,hlShj,Rathalos S Noir Corne,MH03,5,鬼,居合拔刀气刃斩,气刃兜割,
char_1031_slent2,1031,slent2,辅助,淬羽赫默,cuiyuhemo,cyhm,Silence the Paradigmatic,RL10,6,黎博利,进取之心,俯瞰视界,无畏者协议
char_1032_excu2,1032,excu2,近卫,圣约送葬人,shengyaosongzangren,syszr,Executor the Ex Foedere,LT40,6,萨科塔,遗嘱执行,近身铳斗,圣约决裁
char_1033_swire2,1033,swire2,特种,琳琅诗怀雅,linlangshihuaiya,llshy,Swire the Elegant Wit,LM22,6,菲林,仗义疏财,“见面礼”,千金一掷
char_1034_jesca2,1034,jesca2,重装,涤火杰西卡,dihuojiexika,dhjxk,Jessica the Liberated,BS30,6,菲林,坚守阵线,掩蔽护卫,饱和迸射
char_1035_wisdel,1035,wisdel,狙击,维什戴尔,weishidaier,wsde,Wiš'adel,B00W,6,萨卡兹,定点清算,饱和复仇,爆裂黎明
char_1036_fang2,1036,fang2,先锋,历阵锐枪芬,lizhenruiqiangfen,lzrqf,Fang the Fire-sharpened,RF04,5,库兰塔,贯敌刺枪,执守阵线,
char_1037_amiya3,1037,amiya3,医疗,阿米娅(医疗),amiya(yiliao),amy(yl),Amiya,R001,5,卡特斯/奇美拉,哀恸共情,慈悲愿景,
char_1038_whitw2,1038,whitw2,术师,荒芜拉普兰德,huangwulapulande,hwlpld,Lappland the Decadenza,SR04,6,鲁珀,慵怠者悲鸣,逐猎狂飙,终幕·浩劫
char_1039_thorn2,1039,thorn2,特种,引星棘刺,yinxingjici,yxjc,Thorns the Lodestar,II02,6,阿戈尔,度算浪波,解构涌潮,“我的海疆”
char_1040_blaze2,1040,blaze2,术师,烛煌,zhuhuang,zh,Blaze the Igniting Spark,REX1,6,菲林,炙手之援,沸血燎原,众恶的焚场
char_1041_angel2,1041,angel2,特种,新约能天使,xinyuenengtianshi,xynts,Exusiai the New Covenant,PL08,6,萨科塔,天空大扫除,开火成瘾症,使命必达！
char_1502_crosly,1502,crosly,特种,弑君者,shijunzhe,sjz,Crownslayer,R315,6,瑞柏巴,尘烟蔽目,硝烟震爆,烽烟行刑场
char_1505_frstar,1505,frstar,N/A,霜星,shuangxing,sx,N/A,N/A,N/A,N/A,,,
char_2012_typhon,2012,typhon,狙击,提丰,tifeng,tf,Typhon,SI07,6,萨卡兹,迅捷打击·γ型,冰原秩序,“永恒狩猎”
char_2013_cerber,2013,cerber,术师,刻俄柏,keebo,keb,Ceobe,R155,6,佩洛,“很冰的斧”,“很热的刀”,“很重的枪”
char_2014_nian,2014,nian,重装,年,nian,n,Nian,NM01,6,未公开,锡灼,铜印,铁御
char_2015_dusk,2015,dusk,术师,夕,xi,x,Dusk,NM02,6,未公开,工笔入化,泼墨淋漓,写意胜形
char_2023_ling,2023,ling,辅助,令,ling,l,Ling,NM03,6,未公开,重进酒,笑鸣瑟,宁作吾
char_2024_chyue,2024,chyue,近卫,重岳,chongyue,cy,Chongyue,NM04,6,未公开,冲盈,拂尘,我无
char_2025_shu,2025,shu,重装,黍,shu,s,Shu,NM05,6,未公开,化被草木,嘉禾盈仓,离离枯荣
char_2026_yu,2026,yu,重装,余,yu,y,Yu,NM06,6,未公开,今日做东,厚礼上宾,灶里乾坤
char_4000_jnight,4000,jnight,狙击,正义骑士号,zhengyiqishihao,zyqsh,"""Justice Knight""",KZ15,1,,,,
char_4004_pudd,4004,pudd,术师,布丁,buding,bd,Pudding,CB03,4,阿戈尔,战术咏唱·β型,扩散电流,
char_4006_melnte,4006,melnte,狙击,玫拉,meila,ml,Melanite,CB22,5,斐迪亚,饱和脉冲,临界爆发,
char_4009_irene,4009,irene,近卫,艾丽妮,ailini,aln,Irene,II07,6,黎博利,起风,裂潮,判决
char_4010_etlchi,4010,etlchi,近卫,隐德来希,yindelaixi,ydlx,Entelechia,R169,6,萨卡兹,玫影觅迹,绯红壁合,灵与欲的惜别
char_4011_lessng,4011,lessng,近卫,止颂,zhisong,zs,Lessing,LN07,6,卡普里尼,强力击·γ型,虔修对决,苦修破誓
char_4013_kjera,4013,kjera,术师,耶拉,yela,yl,Kjera,JC00,5,未公开,攻击力强化·γ型,心随意动,
char_4014_lunacu,4014,lunacu,狙击,子月,ziyue,zy,Lunacub,SR37,5,鲁珀,狩猎时刻,伏击之影,
char_4015_spuria,4015,spuria,特种,空构,konggou,kg,Spuria,LT12,5,萨科塔,见机行事,临场铳械改装,
char_4016_kazema,4016,kazema,特种,风丸,fengwan,fw,Kazemaru,HK09,5,菲林,纸艺·迅击,纸艺·双影,
char_4017_puzzle,4017,puzzle,先锋,谜图,mitu,mt,Puzzle,VC21,5,瓦伊凡,关键线索,疑点追踪,
char_4019_ncdeer,4019,ncdeer,辅助,九色鹿,jiuselu,jsl,Nine-Colored Deer,YD09,5,埃拉菲亚,人间降吉,仙山去远,
char_4023_rfalcn,4023,rfalcn,先锋,红隼,hongsun,hs,Kestrel,SG12,5,黎博利,冲锋号令·γ型,醉刃乱舞,
char_4025_aprot2,4025,aprot2,重装,暮落,muluo,ml,Shalem,VC07,5,斐迪亚,速战速决,燃命狂欢,
char_4026_vulpis,4026,vulpis,先锋,忍冬,rendong,rd,Vulpisfoglia,SR40,6,沃尔珀,小施惩戒,坠刃拷问,隐狐之艺
char_4027_heyak,4027,heyak,术师,霍尔海雅,huoerhaiya,hehy,Ho'olheyak,CB88,6,未公开,但为求索,群星逶迤,博览者的狂语
char_4032_provs,4032,provs,辅助,但书,danshu,ds,Proviso,KZ10,5,库兰塔,纠纷起诉,致胜立论,
char_4036_forcer,4036,forcer,特种,见行者,jianxingzhe,jxz,Enforcer,LT10,5,萨科塔,护身射击,惊爆射击,
char_4039_horn,4039,horn,重装,号角,haojiao,hj,Horn,VC16,6,鲁珀,照明榴弹,暴风号令,终极防线
char_4040_rockr,4040,rockr,术师,洛洛,luoluo,ll,Rockrock,VC18,5,菲林,战术咏唱·γ型,自负此轭,
char_4041_chnut,4041,chnut,医疗,褐果,heguo,hg,Chestnut,R134,4,杜林,积微成著,厚土迸发,
char_4042_lumen,4042,lumen,医疗,流明,liuming,lm,Lumen,II09,6,阿戈尔,沐雨,沛霖,灯火不灭
char_4043_erato,4043,erato,狙击,埃拉托,ailatuo,alt,Erato,MN07,5,黎博利,安眠旋律,英雄赞歌,
char_4045_heidi,4045,heidi,辅助,海蒂,haidi,hd,Heidi,VC19,5,菲林,虚构故事·怒士,虚构故事·锈城,
char_4046_ebnhlz,4046,ebnhlz,术师,黑键,heijian,hj,Ebenholz,LN05,6,卡普里尼,渐快急板,荒芜回响,寂静之声
char_4047_pianst,4047,pianst,重装,车尔尼,cheerni,cen,Czerny,LN06,5,埃拉菲亚,纷飞十指,曲惊四座,
char_4048_doroth,4048,doroth,特种,多萝西,duoluoxi,dlx,Dorothy,RL07,6,札拉克,危险目标清除,流沙区域生成,高速共振排障
char_4052_surfer,4052,surfer,先锋,寻澜,xunlan,xl,Surfer,BS07,5,札拉克,探寻,洞悉,
char_4054_malist,4054,malist,术师,至简,zhijian,zj,Minimalist,SG09,5,杜林,迅捷打击·γ型,神工意匠,
char_4055_bgsnow,4055,bgsnow,狙击,鸿雪,hongxue,hx,Позёмка,R145,6,鲁珀,抑扬格,点题,锐笔速写
char_4058_pepe,4058,pepe,近卫,佩佩,peipei,pp,Pepe,SG14,6,菲林,盖戳！,阻遏混乱锤,时光震荡
char_4062_totter,4062,totter,狙击,铅踝,qianhuai,qh,Totter,SG11,4,黎博利,贯日,破虹,
char_4063_quartz,4063,quartz,近卫,石英,shiying,sy,Quartz,CB18,4,鲁珀,攻击力强化·β型,全力相搏,
char_4064_mlynar,4064,mlynar,近卫,玛恩纳,maenna,men,Młynar,KZ08,6,库兰塔,未声张的怒火,未宽解的悲哀,未照耀的荣光
char_4065_judge,4065,judge,重装,斥罪,chizui,cz,Penance,SR35,6,鲁珀,一锤定音,坚心苦修,披荆斩棘
char_4066_highmo,4066,highmo,近卫,海沫,haimo,hm,Highmore,II10,5,阿戈尔,回首，断舍,泡影，殆尽,
char_4067_lolxh,4067,lolxh,近卫,罗小黑,luoxiaohei,lxh,Luo Xiaohei,R161,4,菲林,掠光尾影,碎金为刃,
char_4071_peper,4071,peper,医疗,明椒,mingjiao,mj,Paprika,R175,5,萨卡兹,掩护作战·γ型,同伴意识,
char_4072_ironmn,4072,ironmn,辅助,白铁,baitie,bt,Stainless,VC17,6,菲林,极致火力,高效补给,铁钳号·原型机
char_4077_palico,4077,palico,狙击,泰拉大陆调查团,tailadaludiaochatuan,tldldct,Terra Research Commission,MH01,1,未公开,,,
char_4078_bdhkgt,4078,bdhkgt,狙击,截云,jieyun,jy,Jieyun,YD15,5,阿纳萨,探前路,掷旧尘,
char_4079_haini,4079,haini,辅助,海霓,haini,hn,Lucilla,AE05,5,阿戈尔,迷惑性洋流图,阻滞性显色剂,
char_4080_lin,4080,lin,术师,林,lin,l,Lin,LM21,6,札拉克,玲珑,荫庇,流光乍裂
char_4081_warmy,4081,warmy,术师,温米,wenmi,wm,Warmy,RB14,5,卡特斯,炎炎火焰,滔滔热流,
char_4082_qiubai,4082,qiubai,近卫,仇白,qiubai,qb,Qiubai,YD20,6,埃拉菲亚,留羽,承影,问雪
char_4083_chimes,4083,chimes,近卫,铎铃,duoling,dl,Wind Chimes,YD17,5,丰蹄,攻击力强化·γ型,乡心无改,
char_4087_ines,4087,ines,先锋,伊内丝,yineisi,yns,Ines,B215,6,未公开,淬影突袭,暗夜无明,独影归途
char_4088_hodrer,4088,hodrer,近卫,赫德雷,hedelei,hdl,Hoederer,B216,6,萨卡兹,重锋不熄,余烬重荷,死境硝烟
char_4091_ulika,4091,ulika,辅助,U-Official,U-Official,U-Official,U-Official,U007,1,札拉克,,,
char_4093_frston,4093,frston,重装,Friston-3,Friston-3,Friston-3,Friston-3,RCX5,1,,,,
char_4098_vvana,4098,vvana,近卫,薇薇安娜,weiweianna,wwan,Viviana,LN11,6,埃拉菲亚,光影迅捷剑,烛燃影息,“明灭”
char_4100_caper,4100,caper,狙击,跃跃,yueyue,yy,Caper,BV32,4,卡特斯,强力击·β型,乐趣加倍,
char_4102_threye,4102,threye,辅助,凛视,linshi,ls,Valarqvin,SI06,5,萨卡兹,我见崩毁之前,我见枯朽之后,
char_4104_coldst,4104,coldst,狙击,冰酿,bingniang,bn,Coldshot,CB28,5,埃拉菲亚,攻击力强化·γ型,酣醉之夜,
char_4105_almond,4105,almond,特种,杏仁,xingren,xr,Almond,BS05,5,佩洛,磁力抓取,强力牵引,
char_4106_bryota,4106,bryota,近卫,苍苔,cangtai,ct,Bryophyta,SS03,5,黎博利,强力击·β型,土石的恒心,
char_4107_vrdant,4107,vrdant,特种,维荻,weidi,wd,Verdant,VC25,4,斐迪亚,苍翠屏障,双刃毒藤,
char_4109_baslin,4109,baslin,重装,深律,shenlv,sl,Bassline,LN13,5,鲁珀,急救,沉音宁神,
char_4110_delphn,4110,delphn,术师,戴菲恩,daifeien,dfe,Delphine,VC23,5,菲林,“贯注”,“抢攻”,
char_4114_harold,4114,harold,医疗,哈洛德,haluode,hld,Harold,VC27,5,菲林,治疗强化·γ型,重症优先,
char_4116_blkkgt,4116,blkkgt,近卫,锏,jian,j,Degenbrecher,JC07,6,卡普里尼,纯粹的武力,无声的嘲笑,归于宁静
char_4117_ray,4117,ray,狙击,莱伊,laiyi,ly,Ray,RB15,6,卡特斯,脱身矢,广域警觉,“得见光芒”
char_4119_wanqin,4119,wanqin,先锋,万顷,wanqing,wq,Wanqing,YD13,5,丰蹄,支援号令·γ型,应东风,
char_4121_zuole,4121,zuole,近卫,左乐,zuole,zl,Zuo Le,YD06,6,斐迪亚,破虏,行险,佑序有炎
char_4122_grabds,4122,grabds,辅助,小满,xiaoman,xm,Grain Buds,YD14,5,黎博利,竹笛飞声,乡音沉沉,
char_4123_ela,4123,ela,特种,艾拉,aila,al,Ela,RS05,6,未知,眩目阻滞,震荡坚守,“博萨克风暴”
char_4124_iana,4124,iana,特种,双月,huangyue,hy,Iana,RS07,5,未知,幻影诡雷,全知者的战术,
char_4125_rdoc,4125,rdoc,近卫,医生,yisheng,ys,Doc,RS06,5,未知,以暴制暴,激素手枪,
char_4126_fuze,4126,fuze,近卫,导火索,daohuosuo,dhs,Fuze,RS08,5,未知,火力侦察,霰射炸药,
char_4130_luton,4130,luton,重装,露托,lutuo,lt,Lutonada,BV33,4,札拉克,强力击·β型,强磁防卫,
char_4131_odda,4131,odda,近卫,奥达,aoda,ad,Odda,R167,5,萨卡兹,火花溅射,锻锤之力,
char_4132_ascln,4132,ascln,特种,阿斯卡纶,asikalun,askl,Ascalon,SW00,6,萨卡兹,追袭,恩赐,降临
char_4133_logos,4133,logos,术师,逻各斯,luogesi,lgs,Logos,RE03,6,萨卡兹,殁亡,提喻,延异视阈
char_4134_cetsyr,4134,cetsyr,辅助,魔王,mowang,mw,Civilight Eterna,DWDB,6,未公开,往昔萦绕身旁,明日渺远不及,编织重构现世
char_4136_phonor,4136,phonor,辅助,PhonoR-0,PhonoR-0,PhonoR-0,PhonoR-0,RCX6,1,,,,
char_4137_udflow,4137,udflow,重装,深巡,shenxun,sx,Underflow,AE03,5,阿戈尔,侵袭破坏应对,行动能力剥夺,
char_4138_narant,4138,narant,狙击,娜仁图亚,narentuya,nrty,Narantuya,SG17,6,库兰塔,旋刃,恶魇,吞日
char_4139_papyrs,4139,papyrs,医疗,莎草,suocao,sc,Papyrus,SG19,5,菲林,巧思乍现,临考发挥,
char_4140_lasher,4140,lasher,辅助,衡沙,hengsha,hs,Sand Reckoner,SG23,5,黎博利,上紧发条,权知轻重,
char_4141_marcil,4141,marcil,术师,玛露西尔,maluxier,mlxe,Marcille,DD02,6,精灵,才女的实力,召唤使魔,爆破魔法
char_4142_laios,4142,laios,近卫,莱欧斯,laiousi,los,Laios,DD01,5,长身人（自称）,胆小剑助,威吓战法,
char_4143_sensi,4143,sensi,重装,森西,senxi,sx,Senshi,DD04,5,矮人（自称）,单人份料理,团体魔物大餐,
char_4144_chilc,4144,chilc,先锋,齐尔查克,qierchake,qeck,Chilchuck,DD03,5,半身人（自称）,开锁工具,随机应变,
char_4145_ulpia,4145,ulpia,近卫,乌尔比安,wuerbian,weba,Ulpianus,AA00,6,阿戈尔,必须促成的接触,必须维系的界限,必须开辟的通路
char_4146_nymph,4146,nymph,术师,妮芙,nifu,nf,Nymph,R182,6,萨卡兹,笞心击,怵然震爆,心防溃决
char_4147_mitm,4147,mitm,先锋,渡桥,duqiao,dq,Mitm,R184,5,萨卡兹,遥控解体,承压功率,
char_4148_philae,4148,philae,重装,菲莱,feilai,fl,Philae,SG10,5,萨卡兹,灵河护佑,冥河诅咒,
char_4151_tinman,4151,tinman,特种,锡人,xiren,xr,Tin Man,CB30,5,未公开,“老科利”,“大拉里”,
char_4155_talr,4155,talr,特种,裁度,caiduo,cd,Figurino,SR41,5,鲁珀,量衣尺,缝线缠身,
char_4162_cathy,4162,cathy,辅助,凯瑟琳,kaiselin,ksl,Catherine,VC20,5,菲林,岁月锻打,战火淬炼,
char_4163_rosesa,4163,rosesa,医疗,瑰盐,guiyan,gy,Rose Salt,II11,5,斐迪亚,上佳的应急药呀,绝妙的长效药呀,
char_4164_tecno,4164,tecno,术师,特克诺,tekenuo,tkn,Tecno,BV23,5,杜林,关节锁定,恣意挥洒,
char_4165_ctrail,4165,ctrail,特种,云迹,yunji,yj,Contrail,CB33,4,札拉克,紧急升空,掠空飞翎,
char_4171_wulfen,4171,wulfen,特种,钼铅,muqian,mq,Wulfenite,SG27,5,斐迪亚,“驱兽专用”,“顽石专用”,
char_4172_xingzh,4172,xingzh,辅助,行箸,xingzhu,xz,Xingzhu,YD18,5,菲林,盈帙满笥,食不厌精,
char_4173_nowell,4173,nowell,医疗,诺威尔,nuoweier,nwe,Nowell,VC29,5,沃尔珀,步履不停,生命不息,
char_4177_brigid,4177,brigid,狙击,水灯心,shuidengxin,sdx,Brigid,DB04,5,佩洛,所熟知的,可驯服的,
char_4178_alanna,4178,alanna,辅助,阿兰娜,alanna,aln,Alanna,RB17,5,萨弗拉,气动增压,“万斤顶”,
char_4179_monstr,4179,monstr,医疗,Mon3tr,Mon3tr,Mon3tr,Mon3tr,R003,6,未公开,策略：超压链接,策略：超负荷,策略：熔毁
char_4187_graceb,4187,graceb,近卫,聆音,lingyin,ly,Gracebearer,BV27,5,未公开,开颅挽歌,破膛弥撒,
char_4188_confes,4188,confes,先锋,CONFESS-47,CONFESS-47,CONFESS-47,CONFESS-47,LT47,1,,,,
char_4193_lemuen,4193,lemuen,狙击,蕾缪安,leimiuan,lma,Lemuen,LT17,6,萨科塔,重逢问候,归乡邀约,礼炮·强制追思
char_4194_rmixer,4194,rmixer,重装,信仰搅拌机,xinyangjiaobanji,xyjbj,Sankta Miksaparato,LT32,6,萨科塔,铳骑主考官,八臂电锯侠,退休前布道
